studentID,yourHt_in
10218356,65.13816
10217666,69.51946
10218476,75.06999
10218696,67.60854
10218758,74.82375
10219065,70.7684
10219544,68.536
10218358,76.23763
10219338,67.8716
10219133,77.41821
10219350,66.63852
10219249,66.96028
10219160,69.61171
10219160,63.76124
10219160,69.31901
10219160,69.91852
10219160,67.22508
10219160,69.42066
10219160,62.18026
10219160,59.19206